-- phpMyAdmin SQL Dump
-- version 5.2.1
-- https://www.phpmyadmin.net/
--
-- Host: 127.0.0.1
-- Generation Time: Sep 20, 2023 at 06:35 PM
-- Server version: 10.4.28-MariaDB
-- PHP Version: 8.2.4

SET SQL_MODE = "NO_AUTO_VALUE_ON_ZERO";
START TRANSACTION;
SET time_zone = "+00:00";


/*!40101 SET @OLD_CHARACTER_SET_CLIENT=@@CHARACTER_SET_CLIENT */;
/*!40101 SET @OLD_CHARACTER_SET_RESULTS=@@CHARACTER_SET_RESULTS */;
/*!40101 SET @OLD_COLLATION_CONNECTION=@@COLLATION_CONNECTION */;
/*!40101 SET NAMES utf8mb4 */;

--
-- Database: `gundam_shop`
--

-- --------------------------------------------------------

--
-- Table structure for table `categories`
--

CREATE TABLE `categories` (
  `id` int(11) NOT NULL,
  `name` varchar(255) NOT NULL,
  `level` int(11) NOT NULL
) ENGINE=InnoDB DEFAULT CHARSET=utf8mb4 COLLATE=utf8mb4_general_ci;

--
-- Dumping data for table `categories`
--

INSERT INTO `categories` (`id`, `name`, `level`) VALUES
(1, 'High Grade', 3),
(2, 'Real Grade', 2),
(3, 'Master Grade', 1);

-- --------------------------------------------------------

--
-- Table structure for table `customers`
--

CREATE TABLE `customers` (
  `id` int(11) NOT NULL,
  `uid` varchar(255) NOT NULL,
  `name` varchar(255) NOT NULL,
  `phone` varchar(255) NOT NULL,
  `email` varchar(255) NOT NULL,
  `address` text DEFAULT NULL,
  `image` varchar(255) NOT NULL DEFAULT 'default.jpg',
  `password` varchar(255) NOT NULL,
  `suspended` tinyint(1) NOT NULL DEFAULT 0,
  `created_at` datetime NOT NULL DEFAULT current_timestamp()
) ENGINE=InnoDB DEFAULT CHARSET=utf8mb4 COLLATE=utf8mb4_general_ci;

-- --------------------------------------------------------

--
-- Table structure for table `orders`
--

CREATE TABLE `orders` (
  `id` int(11) NOT NULL,
  `customer_id` int(11) NOT NULL,
  `address` text NOT NULL,
  `total_price` double(10,2) NOT NULL,
  `order_state_id` int(11) NOT NULL,
  `created_at` datetime NOT NULL DEFAULT current_timestamp()
) ENGINE=InnoDB DEFAULT CHARSET=utf8mb4 COLLATE=utf8mb4_general_ci;

-- --------------------------------------------------------

--
-- Table structure for table `order_details`
--

CREATE TABLE `order_details` (
  `id` int(11) NOT NULL,
  `order_id` int(11) NOT NULL,
  `product_id` int(11) NOT NULL,
  `product_name` varchar(255) NOT NULL,
  `price` double(10,2) NOT NULL,
  `count` int(11) NOT NULL
) ENGINE=InnoDB DEFAULT CHARSET=utf8mb4 COLLATE=utf8mb4_general_ci;

-- --------------------------------------------------------

--
-- Table structure for table `order_states`
--

CREATE TABLE `order_states` (
  `id` int(11) NOT NULL,
  `name` varchar(255) NOT NULL
) ENGINE=InnoDB DEFAULT CHARSET=utf8mb4 COLLATE=utf8mb4_general_ci;

--
-- Dumping data for table `order_states`
--

INSERT INTO `order_states` (`id`, `name`) VALUES
(1, 'Pending'),
(2, 'Accepted'),
(3, 'Completed'),
(4, 'Rejected');

-- --------------------------------------------------------

--
-- Table structure for table `products`
--

CREATE TABLE `products` (
  `id` int(11) NOT NULL,
  `name` varchar(255) NOT NULL,
  `image` varchar(255) NOT NULL DEFAULT 'default.jpg',
  `size` varchar(255) NOT NULL,
  `description` text NOT NULL,
  `price` double(10,2) NOT NULL,
  `stock` int(11) NOT NULL,
  `status` tinyint(1) NOT NULL DEFAULT 1,
  `category_id` int(11) NOT NULL
) ENGINE=InnoDB DEFAULT CHARSET=utf8mb4 COLLATE=utf8mb4_general_ci;

--
-- Dumping data for table `products`
--

INSERT INTO `products` (`id`, `name`, `image`, `size`, `description`, `price`, `stock`, `status`, `category_id`) VALUES
(1, 'Strike Freedom Gundam Extreme', '16952144861418338561650aeb969cfac7.61599306.png', 'MG', 'Strike Freedom Gundam Extreme Version ', 1500000.00, 5, 1, 3),
(2, 'Unicorn Gundam Extreme', '1695215218216302135650aee72a065d9.73027572.jpeg', 'MG', 'Unicorn Gundam Extreme Version', 3500000.00, 5, 1, 3),
(3, 'Dynames Gundam', '16952156431632974422650af01b6c7086.72833214.png', 'MG', 'Dynames Gundam from popular Gundam OO Series', 120000.00, 5, 1, 3),
(4, 'Kyrios Gundam', '1695215785960395758650af0a9512f20.33218287.png', 'MG', 'Kyrios Gundam from popular Gundam OO Series', 130000.00, 5, 1, 3),
(5, 'Infinite Justice Gundam ', '16952160131647872518650af18d4c30b9.23808127.png', 'HG', 'Infinite Justice Gundam Revive Version', 62000.00, 5, 1, 1),
(6, 'Strike Freedom Gundam', '16952161661734701808650af226baf963.53830716.jpeg', 'HG', 'Strike Freedom Gundam Revive Version', 55000.00, 5, 1, 1),
(7, 'Aerial Gundam', '1695216477634394564650af35d23d1e5.27069957.jpeg', 'HG', 'Aerial Gundam from popular Gundam Series: Witch From Mercury', 42000.00, 5, 1, 1),
(8, 'Aerial Gundam Rebuild', '1695216645411435525650af4056eabf9.02473735.png', 'HG', 'Renovated Version of Aerial Gundam', 55000.00, 5, 1, 1),
(9, 'Zaku II Johnny Ridden', '16952172731826681421650af6794defc8.83999181.jpeg', 'RG', 'Johnny Ridden\'s Custom Zaku II High Mobility Type', 60000.00, 5, 1, 2),
(10, 'Strike Freedom Gundam ', '16952175172136356200650af76da50e12.49150354.jpeg', 'RG', 'Strike Freedom Gundam Full Burst Version', 53000.00, 5, 1, 2),
(11, 'Force Impulse Gundam', '1695217718108830529650af83666f370.21942496.png', 'RG', 'Force Impulse Gundam from popular Gundam Series: Gundam Seed Destiny', 70000.00, 5, 1, 2),
(12, 'Crossbone Gundam', '16952179141196472102650af8fa74f3a0.75779745.jpeg', 'RG', 'Crossbone Gundam from the popular Manga Series: Mobile Suit Gundam Crossbone Gundam', 63000.00, 5, 1, 2),
(13, 'Freedom Gundam', '16952181311228707474650af9d3e42892.55773982.jpeg', 'MG', 'Freedom Gundam Version 2.0 ', 110000.00, 5, 1, 3),
(14, 'Justice Gundam', '1695218655782691556650afbdfc74e13.33950465.jpeg', 'MG', 'Justice Gundam Version 2.0', 120000.00, 5, 1, 3),
(15, 'Infinite Justice Gundam', '16952191551015391012650afdd3690a32.64255846.png', 'MG', 'Infinite Justice Gundam 1/100 Version from popular Gundam Series: Gundam Seed Destiny', 100000.00, 5, 1, 3),
(16, 'Ginn', '1695219412854640908650afed4bdacd9.33740385.png', 'MG', 'Mobile Ginn of ZAFT from popular Gundam Series: Gundam Seed', 99000.00, 5, 1, 3),
(17, 'Aerial Gundam Full Mechanics', '1695219559893212131650aff67c57e57.64397151.png', 'MG', '1/100 Full Mechanics Version of Gundam Aerial', 115000.00, 5, 1, 3),
(18, 'V Gundam', '1695220092450206137650b017d04be66.22962036.jpeg', 'RG', 'Real Grade Version of V Gundam ', 90000.00, 5, 1, 2),
(19, 'Sazabi', '1695220234364425680650b020aa19a87.83535926.jpeg', 'RG', 'Real Grade Version of Sazabi ', 105000.00, 5, 1, 2),
(20, 'Dilanza', '1695220408346309465650b02b8de8ef7.67231237.jpeg', 'HG', 'Guel\'s Custom Dilanza', 44000.00, 5, 1, 1),
(21, 'Xi Gundam', '169522056286980736650b0352c229b7.12680374.jpeg', 'HG', 'Xi Gundam from Popular Gundam Movie: Hathaway\'s Flash', 160000.00, 5, 1, 1),
(22, 'Penelope Gundam', '16952207681829498780650b0420134bf1.80753875.jpeg', 'HG', 'Penelope Gundam from Popular Gundam Movie: Hathaway\'s Flash', 170000.00, 5, 1, 1),
(23, 'Zeta Gundam', '1695221025692752870650b05214e7e73.84582846.jpeg', 'HG', 'Zeta Gundam from popular Gundam Series: Mobile Suit Gundam Zeta Gundam', 60000.00, 5, 1, 1),
(24, 'ZZ Gundam Ver.Ka', '1695221433329934147650b06b902d9e6.54339167.jpeg', 'MG', 'ZZ Gundam Version Katoki', 150000.00, 5, 1, 3),
(25, 'Zeta Gundam Ver.Ka', '16952215031765808051650b06ff426b22.09130505.jpeg', 'MG', 'Zeta Gundam Version Katoki', 170000.00, 5, 1, 3),
(26, 'Full Armor Gundam Thunderbolt Ver.Ka', '1695221638106754341650b078640ab74.28607668.jpeg', 'MG', 'Full Armor Gundam Thunderbolt Version Katoki', 160000.00, 5, 1, 3),
(27, 'Jegan', '1695221708846393847650b07cc665178.95194314.png', 'MG', '1/100 Version of Jegan', 97000.00, 5, 1, 3),
(28, 'Wing Gundam', '16952227221322544976650b0bc2bd8183.47868904.jpeg', 'RG', 'Real Grade Version of Wing Gundam', 60000.00, 5, 1, 2),
(29, 'Windam', '16952228291331391410650b0c2dc0fff1.53107411.png', 'HG', 'Windam from Popular Gundam Series: Gundam Seed Destiny', 50000.00, 5, 1, 1),
(30, 'Moon Gundam', '16952230032070632346650b0cdbd7deb4.12663364.jpeg', 'HG', 'Moon Gundam from Universal Century', 75000.00, 5, 1, 1),
(31, 'Ground Gundam', '1695225020717594541650b14bcc57a13.71841421.jpeg', 'HG', 'Ground Gundam from Universal Century', 50000.00, 5, 1, 1),
(32, 'Narrative Gundam C Packs', '16952253421324447137650b15fe51d0b8.42109590.jpeg', 'HG', 'Narrative Gundam C Packs from Universal Century', 58000.00, 5, 1, 1),
(33, 'Gundam MK II TITANS Ver', '16952254202097535036650b164c604910.19300681.jpeg', 'RG', 'Titans Version of Gundam MK II', 55000.00, 5, 1, 2),
(34, 'Gundam NT 1 Alex', '16952255062068959229650b16a2799298.02590019.jpeg', 'MG', 'Gundam NT 1 Alex of Universal Century', 170000.00, 5, 1, 3);

-- --------------------------------------------------------

--
-- Table structure for table `product_images`
--

CREATE TABLE `product_images` (
  `id` int(11) NOT NULL,
  `image` varchar(255) NOT NULL,
  `product_id` int(11) NOT NULL
) ENGINE=InnoDB DEFAULT CHARSET=utf8mb4 COLLATE=utf8mb4_general_ci;

--
-- Dumping data for table `product_images`
--

INSERT INTO `product_images` (`id`, `image`, `product_id`) VALUES
(1, '1695214504410354695650aeba8b27548.00578768.png', 1),
(2, '1695214504470041513650aeba8b427d7.91520982.png', 1),
(3, '16952145041334030053650aeba8b58478.51967680.png', 1),
(4, '1695214504264191802650aeba8b65129.10076036.png', 1),
(5, '16952145041708387856650aeba8b6f559.98051381.png', 1),
(6, '16952145041398213868650aeba8b77ca2.87934866.png', 1),
(7, '16952145041969297987650aeba8b82475.03186442.png', 1),
(8, '16952145041871249517650aeba8b8c479.93620475.png', 1),
(9, '16952145041689557950650aeba8b95998.72770134.png', 1),
(10, '16952145041805567680650aeba8b9fbf9.01984429.png', 1),
(11, '16952145041017661991650aeba8ba98d6.51617207.png', 1),
(12, '1695215345494055627650aeef1a14787.81985818.jpg', 2),
(13, '16952153451493439510650aeef1a4eb17.35832353.png', 2),
(14, '1695215345847231720650aeef1aceaa2.14005792.png', 2),
(15, '1695215345974045837650aeef1adab15.44904117.png', 2),
(16, '1695215345529441473650aeef1ae6930.77062060.png', 2),
(17, '16952153451794517002650aeef1aef525.58678730.png', 2),
(18, '1695215345633383429650aeef1afe149.83723900.png', 2),
(19, '16952153451522039698650aeef1b06380.59586177.jpg', 2),
(20, '16952153451143021744650aeef1b10df6.14755223.jpg', 2),
(21, '16952153451874629106650aeef1b1a206.31863630.jpg', 2),
(22, '1695215661379590212650af02d4d20a5.79243454.png', 3),
(23, '16952156611531661625650af02d4e4920.78945670.png', 3),
(24, '16952156611682740492650af02d4f0b39.27872885.png', 3),
(25, '16952156611646340419650af02d51f712.98123479.png', 3),
(26, '16952156611955459884650af02d529040.66830279.png', 3),
(27, '1695215661580856663650af02d530665.07653255.png', 3),
(28, '16952156611260749175650af02d5374e6.66935514.png', 3),
(29, '16952156611572153355650af02d53e927.02180491.jpg', 3),
(30, '1695215661207060728650af02d547697.90829391.jpg', 3),
(31, '1695215661136484156650af02d551bf5.68620997.jpg', 3),
(32, '16952156611171029394650af02d55b3b4.22620426.jpg', 3),
(33, '1695215799482961189650af0b71eb841.12360454.png', 4),
(34, '16952157992143643550650af0b723cc10.10151453.png', 4),
(35, '16952157991224388492650af0b7247354.59433446.png', 4),
(36, '1695215799780865336650af0b7251726.92136154.png', 4),
(37, '16952157991561675773650af0b725e457.82142784.png', 4),
(38, '1695215799227704702650af0b726a7f8.80077931.png', 4),
(39, '1695215799265731037650af0b7276228.62914222.png', 4),
(40, '16952157991105171443650af0b7281520.09416701.png', 4),
(41, '169521579975160783650af0b728bec2.37454675.png', 4),
(42, '16952157991170911442650af0b7299460.57131511.jpg', 4),
(43, '1695216029316403946650af19da6d495.69454641.png', 5),
(44, '1695216029901632173650af19daaddb4.05375244.png', 5),
(45, '1695216029310870635650af19dab8997.38635266.png', 5),
(46, '1695216029494368469650af19dac4357.79681783.png', 5),
(47, '16952160291918996461650af19dad0057.31828188.png', 5),
(48, '16952160291453143844650af19dad9904.83854145.png', 5),
(49, '16952160291887222302650af19dae8836.43878722.png', 5),
(50, '16952160291776793090650af19daf3974.11926837.png', 5),
(51, '16952160291092826190650af19dafd364.17178549.png', 5),
(52, '16952160291698024350650af19db083c6.22679890.png', 5),
(53, '1695216205338379373650af24dc89260.53320964.jpg', 6),
(56, '1695216205928606186650af24dd604d2.89765839.jpg', 6),
(57, '16952162051791770410650af24dd70eb6.73212183.jpg', 6),
(58, '169521620519270942650af24dd82c88.44840236.jpg', 6),
(59, '16952164911953879688650af36b50ed28.69674833.jpg', 7),
(60, '16952164911331986114650af36b520097.92005854.jpg', 7),
(61, '1695216491612551948650af36b573c18.96449316.jpg', 7),
(62, '16952164911570298360650af36b655570.29209298.jpg', 7),
(63, '1695216491861653549650af36b660cf7.18680403.jpg', 7),
(64, '1695216491715674045650af36b66d0c9.79288732.jpg', 7),
(65, '1695216491454853942650af36b679138.21050050.jpg', 7),
(66, '16952164911564247945650af36b6f0d34.07552405.jpg', 7),
(67, '1695216491179467668650af36b722d55.62478215.jpg', 7),
(68, '16952164911623365094650af36b72efd9.13724336.jpg', 7),
(69, '16952166621670068492650af4169eee63.46178732.png', 8),
(70, '1695216662635902768650af4169fe1a6.03157099.png', 8),
(71, '1695216662834450042650af416a12c70.28999335.png', 8),
(72, '16952166621747773623650af416a22420.91221770.png', 8),
(73, '16952166621330736699650af416a2efd2.07484465.png', 8),
(74, '1695216662298148417650af416a8df22.92974423.png', 8),
(75, '1695216662945569364650af416a9d190.64429530.png', 8),
(76, '1695216662705402803650af416aac608.80949331.png', 8),
(77, '16952166621489451758650af416ab9d00.74302699.png', 8),
(78, '1695216662320933783650af416ac9e93.86161461.png', 8),
(79, '1695217290694325048650af68a0cbe59.20680966.jpg', 9),
(80, '1695217290765334520650af68a0d59a5.66232379.jpg', 9),
(81, '1695217290378788573650af68a0dc6b9.76987079.jpg', 9),
(82, '16952172901633599455650af68a0e6660.78925098.jpg', 9),
(83, '1695217290486190086650af68a0f4083.84272192.jpg', 9),
(84, '16952172901821919209650af68a20eb17.66592254.jpg', 9),
(85, '169521729064976776650af68a220ab7.53288414.jpg', 9),
(86, '16952172901530428403650af68a256631.97790190.jpg', 9),
(87, '1695217290728619301650af68a2642f7.77082660.jpg', 9),
(88, '16952172901533197753650af68a27ea49.95260826.jpg', 9),
(89, '1695217532492004650af77c56f750.55534638.jpg', 10),
(90, '1695217532982158678650af77c72fbe6.68854398.jpg', 10),
(91, '16952175321863447547650af77c861724.56234880.jpg', 10),
(92, '1695217532755362170650af77c8dcc77.48887914.jpg', 10),
(93, '16952175321675916636650af77c8ea635.83663805.jpg', 10),
(94, '16952175321371225106650af77c8f5a11.77381530.jpg', 10),
(95, '1695217532651985785650af77c92b942.92233891.jpg', 10),
(96, '16952177321847952382650af84484d949.11169904.png', 11),
(97, '1695217732203946847650af8448669a5.77053538.png', 11),
(98, '16952177321385763681650af8448d0f18.50196819.png', 11),
(99, '16952177321838964493650af8448f8ba2.21251612.png', 11),
(100, '1695217732933851977650af844903a60.38088100.png', 11),
(101, '16952177322024177038650af8449294a8.48454251.png', 11),
(102, '1695217732981768841650af844a090a1.29514071.png', 11),
(103, '1695217732763255055650af844a36ce8.07960430.jpg', 11),
(104, '16952177321797685442650af844ab85e2.30918583.jpg', 11),
(105, '16952177321650820908650af844b11730.58793417.jpg', 11),
(106, '16952177321205645002650af844b52b28.46237681.jpg', 11),
(107, '16952179261034804032650af906696574.70639702.jpg', 12),
(108, '16952179261751396503650af9066f7929.82250046.jpg', 12),
(109, '16952179261685571577650af906826586.17458848.jpg', 12),
(110, '16952179261909762695650af906834e40.78032271.jpg', 12),
(111, '16952179261209337789650af906840c88.18952585.jpg', 12),
(112, '16952179261261951898650af9068f8253.70755678.jpg', 12),
(113, '1695217926355192140650af90693f1f7.83840258.jpg', 12),
(114, '1695217926934754824650af90694c224.06878061.jpg', 12),
(118, '16952181931196068308650afa11bfad66.69323250.jpg', 13),
(124, '1695218351894682301650afaaf604102.12308976.jpg', 13),
(125, '16952186681105619981650afbecdb3774.28059009.jpg', 14),
(126, '16952186681502870710650afbece22e42.08908141.jpg', 14),
(127, '16952186681976556829650afbece3dd04.33355766.jpg', 14),
(128, '16952186681760265070650afbece59ef3.76379649.jpg', 14),
(129, '16952186682058672054650afbece785b7.71613339.jpg', 14),
(130, '169521866976270709650afbed038be6.53197940.jpg', 14),
(131, '16952186691556327012650afbed0c1010.68813182.jpg', 14),
(132, '16952186692043782938650afbed139254.83173478.jpg', 14),
(133, '16952186691345907426650afbed1d9c76.27497096.jpg', 14),
(134, '1695218669458231477650afbed1e4c79.19999963.jpg', 14),
(135, '16952186691751219035650afbed1f1562.01906135.jpg', 14),
(136, '1695218669679506155650afbed200003.41299988.jpg', 14),
(137, '1695218669762348681650afbed24e9f2.79753021.jpg', 14),
(138, '16952186691144554427650afbed25c304.03505485.jpg', 14),
(139, '1695218669128122902650afbed2e8177.34544208.jpg', 14),
(140, '16952186692075606340650afbed37d662.65232648.jpg', 14),
(141, '16952186691849447816650afbed419124.92971064.jpg', 14),
(142, '1695218669470769277650afbed48c625.69762146.jpg', 14),
(143, '16952191711282280135650afde3ca99f1.01706562.jpg', 15),
(144, '16952191712067140025650afde3d0b420.44287800.jpg', 15),
(145, '16952191851995162584650afdf1017927.22805067.png', 15),
(146, '16952191961010916767650afdfcb30c72.47623325.jpg', 15),
(147, '16952194301360742819650afee62b2542.89811408.jpg', 16),
(148, '1695219430274642876650afee62baec2.02232119.jpg', 16),
(149, '16952194301812157206650afee62c2812.74789605.jpg', 16),
(150, '16952194301812041391650afee62c94b8.47805232.jpg', 16),
(151, '16952194301106415694650afee62d2220.03257517.jpg', 16),
(152, '1695219430704931737650afee637f528.35311781.jpg', 16),
(153, '16952194301409562117650afee6386511.87709103.jpg', 16),
(154, '1695219430798108523650afee638ce28.60968648.jpg', 16),
(155, '16952194302015602091650afee639a2a4.10915324.jpg', 16),
(156, '16952194301068047697650afee63a16d4.14073380.jpg', 16),
(157, '1695219430977513274650afee63a7ca9.22761207.jpg', 16),
(158, '1695219573561428195650aff754c2980.87087470.png', 17),
(159, '16952195732145283980650aff754c9a65.94771078.png', 17),
(160, '16952195731526176825650aff754cfe78.61699117.png', 17),
(161, '16952195732061774825650aff754d57a3.34412766.png', 17),
(162, '1695219573693690069650aff754e4c20.94267132.png', 17),
(163, '16952195731840018313650aff754ebec6.34153144.png', 17),
(164, '1695219573420910726650aff754f3208.05262077.png', 17),
(165, '1695219573979268423650aff754fbb03.10155772.png', 17),
(166, '1695219573697620278650aff75501678.67305922.png', 17),
(167, '1695219573786560740650aff75506ec4.73996989.png', 17),
(168, '16952195801343665039650aff7c4838d8.35851622.png', 17),
(169, '16952201132143841940650b0191e01a53.19509578.jpg', 18),
(170, '1695220113848688756650b0191e0c298.78720673.jpg', 18),
(171, '1695220113421962125650b0191e92960.40716385.jpg', 18),
(172, '16952201131936537316650b0191ee8ba1.90233473.jpg', 18),
(173, '16952202471844698778650b0217e6dfb5.02733578.jpg', 19),
(174, '1695220247134171759650b0217ec1eb8.94826964.jpg', 19),
(175, '16952202481880056481650b0218042b49.02884468.jpg', 19),
(176, '16952202481459220591650b0218055d09.79066871.jpg', 19),
(177, '1695220248507815720650b021805dee1.17295673.jpg', 19),
(178, '16952204221048317443650b02c6abfd32.20613011.jpg', 20),
(179, '16952204221414430766650b02c6ac83d9.77157435.jpg', 20),
(180, '1695220422669525879650b02c6b5d114.48685137.jpg', 20),
(181, '16952204221107632032650b02c6b6fcc7.84399474.jpg', 20),
(182, '16952204221003263600650b02c6b78bd6.47317188.jpg', 20),
(183, '16952204221702467648650b02c6b81501.87286044.jpg', 20),
(184, '16952204221880718738650b02c6b88767.58342596.jpg', 20),
(185, '169522042295511877650b02c6bedd85.68528288.jpg', 20),
(186, '1695220576226083033650b0360566845.81142255.jpg', 21),
(187, '16952205761161189108650b036056eed7.55436185.jpg', 21),
(188, '16952205762055317609650b0360576a41.73744857.jpg', 21),
(189, '16952205761556507790650b03605db4e9.70768765.jpg', 21),
(190, '16952205761224318573650b03605e2000.51048626.jpg', 21),
(191, '1695220576194124137650b03605e9989.29835869.jpg', 21),
(192, '1695220576953959160650b03605f0a54.93977876.jpg', 21),
(193, '1695220576873496718650b03605f90c7.33313850.jpg', 21),
(194, '16952207801906483019650b042ca8f468.02698463.jpg', 22),
(195, '1695220780234585874650b042ca9c138.80787412.jpg', 22),
(196, '1695220780508662079650b042cb8c712.03157292.jpg', 22),
(197, '16952207802067128603650b042cc00959.26401408.jpg', 22),
(198, '1695220780578054374650b042cc08707.44820340.jpg', 22),
(199, '1695220780693223917650b042cc10ff9.16521106.jpg', 22),
(200, '1695220780397016231650b042cc18b82.24021513.jpg', 22),
(201, '1695220780538383200650b042cc24877.93881302.jpg', 22),
(202, '16952207801911503336650b042cc3fb38.61742545.jpg', 22),
(203, '169522078019388625650b042cc47ff3.11960177.jpg', 22),
(204, '1695220780736563374650b042cc50eb1.76515103.jpg', 22),
(205, '1695221047952823494650b0537d1ba46.04689086.jpg', 23),
(206, '1695221047442690560650b0537ea5d47.42088614.jpg', 23),
(207, '16952210591266632064650b0543ec3cd7.58702079.jpg', 23),
(208, '1695221060510463957650b05441275e7.37829184.jpg', 23),
(209, '16952210601247722646650b054412f552.96334944.jpg', 23),
(210, '16952210606760007650b05441382d3.58198100.jpg', 23),
(211, '1695221060486175180650b0544147733.13990220.jpg', 23),
(212, '1695221444399412939650b06c41a4891.78043117.jpg', 24),
(213, '1695221444353110696650b06c41ac687.65151625.jpg', 24),
(214, '1695221444312163620650b06c41e3358.37186565.jpg', 24),
(215, '1695221444360784899650b06c41e9a27.91265492.jpg', 24),
(216, '1695221444123496687650b06c41efeb5.28505572.jpg', 24),
(217, '1695221517547197096650b070da43149.52902494.jpg', 25),
(218, '1695221517527787212650b070da58f92.19310202.jpg', 25),
(219, '16952215171875779101650b070da61c22.30472662.jpg', 25),
(220, '1695221517180561291650b070da6b5d0.33277582.jpg', 25),
(221, '16952215171231415398650b070da79de8.69617100.jpg', 25),
(222, '1695221517821862163650b070da836f2.41042868.jpg', 25),
(223, '1695221517677397524650b070da8adf3.41499118.jpg', 25),
(224, '1695221517330705117650b070da92714.93949798.jpg', 25),
(225, '1695221517279194898650b070da9a130.60823567.jpg', 25),
(226, '1695221517945257104650b070db1d1a5.96855241.jpg', 25),
(227, '16952215171924083117650b070db232c6.47670918.jpg', 25),
(228, '16952215171347017556650b070db61351.40666626.jpg', 25),
(229, '16952216491564019914650b0791c758b1.15561607.jpg', 26),
(230, '16952216491141364915650b0791c860b3.78577225.jpg', 26),
(231, '1695221649582948146650b0791c912f5.09963767.jpg', 26),
(232, '16952216491973247999650b0791c9cc75.25436930.jpg', 26),
(233, '16952217191186186398650b07d7c31085.61979967.png', 27),
(234, '16952217191960338849650b07d7c39ca8.17925041.png', 27),
(235, '16952217191532412260650b07d7c40db7.22161965.png', 27),
(236, '1695221719568658867650b07d7c48aa4.09632899.png', 27),
(237, '16952217191986061539650b07d7c4ff36.61253124.jpg', 27),
(238, '16952217191140354054650b07d7c587a8.79585150.jpg', 27),
(239, '16952217191423273800650b07d7c60bd8.53916133.jpg', 27),
(240, '16952217191257077879650b07d7c67860.40155226.jpg', 27),
(241, '1695221719703382313650b07d7c6fda6.64223376.jpg', 27),
(242, '16952217191893995678650b07d7c782c8.62786953.jpg', 27),
(243, '16952227481808370722650b0bdc220613.94651622.jpg', 28),
(244, '1695222748312735566650b0bdc2e8393.98464645.png', 28),
(245, '1695222748473922796650b0bdc331ca3.47252607.png', 28),
(246, '16952227481278485288650b0bdc3ad934.53921484.png', 28),
(247, '1695222748670397393650b0bdc4b4bd7.15523304.png', 28),
(248, '1695222748887906414650b0bdc4e9ca3.77489433.png', 28),
(249, '169522274830877569650b0bdc57aa99.33394448.png', 28),
(250, '1695222748777044719650b0bdc5fb771.90871228.png', 28),
(251, '16952227481132940821650b0bdc70d403.66314223.png', 28),
(252, '16952227481317693519650b0bdc80a624.12835555.png', 28),
(253, '16952227481387991143650b0bdc8d8543.30606124.png', 28),
(254, '16952228451911270341650b0c3db30fd3.42798512.png', 29),
(255, '1695222845392812391650b0c3db3f773.61269923.png', 29),
(256, '1695222845293060880650b0c3db47222.39977816.png', 29),
(257, '16952228452018766296650b0c3db4ec98.99194652.png', 29),
(258, '1695222845985846331650b0c3db744d0.31900741.png', 29),
(259, '16952228451496788922650b0c3db7c8f9.13015262.png', 29),
(260, '16952228451622555272650b0c3db84852.59030927.png', 29),
(261, '16952228451840392153650b0c3dbbe261.15731853.png', 29),
(262, '1695223015591575810650b0ce7c8a171.96820919.jpg', 30),
(263, '1695223015464682137650b0ce7cc0d66.86099612.jpg', 30),
(264, '1695223015388131453650b0ce7cca2d4.09134433.jpg', 30),
(265, '1695223015512588069650b0ce7cd3531.24336212.jpg', 30),
(266, '16952230151320681160650b0ce7cdb7b3.16733665.jpg', 30),
(267, '16952230151513932921650b0ce7d59628.13904770.jpg', 30),
(268, '1695223015683542985650b0ce7e96ff5.18026015.jpg', 30),
(269, '16952230161138482483650b0ce808a241.07486361.jpg', 30),
(270, '1695223016457625933650b0ce8095601.45482899.jpg', 30),
(271, '16952250841341316778650b14fcc3ec95.80547657.jpg', 31),
(272, '1695225097203671733650b1509dab0e8.93606635.jpg', 31),
(273, '16952250971754139662650b1509e54837.07425894.jpg', 31),
(274, '169522509768282537650b1509e5d8c5.66519332.jpg', 31),
(275, '169522509755449632650b1509e66404.15050271.jpg', 31),
(276, '16952250972093539155650b1509e713b8.81533284.jpg', 31),
(277, '16952253571398015381650b160df1b749.84091598.jpg', 32),
(278, '16952253571662639536650b160df26ab0.47046073.jpg', 32),
(279, '1695225357517575807650b160df2fa16.25794919.jpg', 32),
(280, '16952253571920450412650b160df37628.64096197.jpg', 32),
(281, '1695225357235733212650b160df42318.22515683.jpg', 32),
(282, '16952253581230305107650b160e0ea9c8.55110457.jpg', 32),
(283, '169522543163003152650b1657703fb9.35855826.jpg', 33),
(284, '1695225431375538332650b16577975f3.99286992.jpg', 33),
(285, '1695225431153725765650b16577ea243.23443405.jpg', 33),
(286, '16952255171890292819650b16ad8faa75.31203365.jpg', 34),
(287, '1695225517550337902650b16ad9b1475.47190695.jpg', 34),
(288, '169522551716998722650b16ad9df162.71438629.jpg', 34),
(289, '16952255171510159594650b16ad9e7e55.31031365.jpg', 34),
(290, '16952255171306716792650b16ad9f0079.84781007.jpg', 34),
(291, '1695225517907299224650b16ad9f8c06.54698669.jpg', 34),
(292, '1695225517245666736650b16ada62802.80919251.jpg', 34),
(293, '16952255171852755225650b16adc15090.48462463.jpg', 34),
(294, '1695225517435957178650b16adc9cd65.53496790.jpg', 34),
(295, '16952255172120229853650b16addae5c6.84984436.jpg', 34);

-- --------------------------------------------------------

--
-- Table structure for table `roles`
--

CREATE TABLE `roles` (
  `id` int(11) NOT NULL,
  `name` varchar(255) NOT NULL,
  `level` int(11) NOT NULL
) ENGINE=InnoDB DEFAULT CHARSET=utf8mb4 COLLATE=utf8mb4_general_ci;

--
-- Dumping data for table `roles`
--

INSERT INTO `roles` (`id`, `name`, `level`) VALUES
(1, 'Admin', 2),
(2, 'Staff', 1);

-- --------------------------------------------------------

--
-- Table structure for table `staffs`
--

CREATE TABLE `staffs` (
  `id` int(11) NOT NULL,
  `uid` varchar(255) NOT NULL,
  `name` varchar(255) NOT NULL,
  `phone` varchar(255) NOT NULL,
  `email` varchar(255) NOT NULL,
  `address` text DEFAULT NULL,
  `password` varchar(255) NOT NULL,
  `image` varchar(255) NOT NULL DEFAULT 'default.jpg',
  `role_id` int(11) NOT NULL,
  `suspended` tinyint(1) NOT NULL DEFAULT 0,
  `created_at` datetime NOT NULL DEFAULT current_timestamp()
) ENGINE=InnoDB DEFAULT CHARSET=utf8mb4 COLLATE=utf8mb4_general_ci;

--
-- Dumping data for table `staffs`
--

INSERT INTO `staffs` (`id`, `uid`, `name`, `phone`, `email`, `address`, `password`, `image`, `role_id`, `suspended`, `created_at`) VALUES
(1, '0', 'Admin', '123', 'admin@gmail.com', NULL, '$2y$10$phFjIrpsRsslWddkaYYMMeuFzANN13d8O02kBRbHt/Iwv35KbwCNW', 'default.jpg', 1, 0, '2023-09-19 00:16:32');

--
-- Indexes for dumped tables
--

--
-- Indexes for table `categories`
--
ALTER TABLE `categories`
  ADD PRIMARY KEY (`id`),
  ADD UNIQUE KEY `level` (`level`);

--
-- Indexes for table `customers`
--
ALTER TABLE `customers`
  ADD PRIMARY KEY (`id`),
  ADD UNIQUE KEY `uid` (`uid`),
  ADD UNIQUE KEY `phone` (`phone`),
  ADD UNIQUE KEY `email` (`email`);

--
-- Indexes for table `orders`
--
ALTER TABLE `orders`
  ADD PRIMARY KEY (`id`);

--
-- Indexes for table `order_details`
--
ALTER TABLE `order_details`
  ADD PRIMARY KEY (`id`);

--
-- Indexes for table `order_states`
--
ALTER TABLE `order_states`
  ADD PRIMARY KEY (`id`);

--
-- Indexes for table `products`
--
ALTER TABLE `products`
  ADD PRIMARY KEY (`id`);

--
-- Indexes for table `product_images`
--
ALTER TABLE `product_images`
  ADD PRIMARY KEY (`id`);

--
-- Indexes for table `roles`
--
ALTER TABLE `roles`
  ADD PRIMARY KEY (`id`),
  ADD UNIQUE KEY `level` (`level`);

--
-- Indexes for table `staffs`
--
ALTER TABLE `staffs`
  ADD PRIMARY KEY (`id`),
  ADD UNIQUE KEY `uid` (`uid`),
  ADD UNIQUE KEY `phone` (`phone`),
  ADD UNIQUE KEY `email` (`email`);

--
-- AUTO_INCREMENT for dumped tables
--

--
-- AUTO_INCREMENT for table `categories`
--
ALTER TABLE `categories`
  MODIFY `id` int(11) NOT NULL AUTO_INCREMENT, AUTO_INCREMENT=4;

--
-- AUTO_INCREMENT for table `customers`
--
ALTER TABLE `customers`
  MODIFY `id` int(11) NOT NULL AUTO_INCREMENT;

--
-- AUTO_INCREMENT for table `orders`
--
ALTER TABLE `orders`
  MODIFY `id` int(11) NOT NULL AUTO_INCREMENT;

--
-- AUTO_INCREMENT for table `order_details`
--
ALTER TABLE `order_details`
  MODIFY `id` int(11) NOT NULL AUTO_INCREMENT;

--
-- AUTO_INCREMENT for table `order_states`
--
ALTER TABLE `order_states`
  MODIFY `id` int(11) NOT NULL AUTO_INCREMENT, AUTO_INCREMENT=5;

--
-- AUTO_INCREMENT for table `products`
--
ALTER TABLE `products`
  MODIFY `id` int(11) NOT NULL AUTO_INCREMENT, AUTO_INCREMENT=35;

--
-- AUTO_INCREMENT for table `product_images`
--
ALTER TABLE `product_images`
  MODIFY `id` int(11) NOT NULL AUTO_INCREMENT, AUTO_INCREMENT=296;

--
-- AUTO_INCREMENT for table `roles`
--
ALTER TABLE `roles`
  MODIFY `id` int(11) NOT NULL AUTO_INCREMENT, AUTO_INCREMENT=3;

--
-- AUTO_INCREMENT for table `staffs`
--
ALTER TABLE `staffs`
  MODIFY `id` int(11) NOT NULL AUTO_INCREMENT, AUTO_INCREMENT=2;
COMMIT;

/*!40101 SET CHARACTER_SET_CLIENT=@OLD_CHARACTER_SET_CLIENT */;
/*!40101 SET CHARACTER_SET_RESULTS=@OLD_CHARACTER_SET_RESULTS */;
/*!40101 SET COLLATION_CONNECTION=@OLD_COLLATION_CONNECTION */;
